dataset,model,accuracy,balanced_accuracy,macro_f1,macro_precision,macro_recall,training_time_seconds
car_evaluation,Logistic Regression,0.8840579710144928,0.6746277048310542,0.6972682260315567,0.7441836262719703,0.6746277048310542,0.1124713420867919
car_evaluation,Decision Tree,0.9681159420289857,0.9300212347461152,0.921040515868102,0.9126515395343848,0.9300212347461152,0.0329113006591796
car_evaluation,Random Forest,0.9681159420289857,0.9345340664120568,0.9213387915425422,0.9094277673545968,0.9345340664120568,1.019798994064331
car_evaluation,SVM,0.9478260869565216,0.8690794851081932,0.8622993135722269,0.8657686781609195,0.8690794851081932,0.1289150714874267
car_evaluation,XGBoost,0.9884057971014492,0.9745308519231964,0.9588012285248104,0.9454761904761904,0.9745308519231964,3.463742733001709
maternal_health,Logistic Regression,0.5369458128078818,0.519410802329542,0.5092326368922113,0.5353729603729603,0.519410802329542,0.0360188484191894
maternal_health,Decision Tree,0.6354679802955665,0.621986587824067,0.6202364524905063,0.6571910330286365,0.621986587824067,0.0202836990356445
maternal_health,Random Forest,0.645320197044335,0.6374066815194509,0.5784528028430468,0.6138519924098672,0.6374066815194509,0.9727253913879396
maternal_health,SVM,0.6157635467980296,0.6027628412371364,0.5723388111976812,0.6008873456790123,0.6027628412371364,0.0399765968322753
maternal_health,XGBoost,0.5911330049261084,0.5815523951510685,0.5350480700243937,0.53453965492243,0.5815523951510685,1.3884930610656738
mobile_price,Logistic Regression,0.965,0.965,0.9647955890952986,0.9648324105756588,0.965,0.0538556575775146
mobile_price,Decision Tree,0.845,0.845,0.8435112060431753,0.8470733022391331,0.845,0.0423970222473144
mobile_price,Random Forest,0.885,0.885,0.8835517341758042,0.8832563253353096,0.885,1.0144891738891602
mobile_price,SVM,0.9175,0.9175,0.917471740797645,0.9177371429003992,0.9175,0.2454009056091308
mobile_price,XGBoost,0.915,0.915,0.914356566981978,0.9143216307141412,0.915,2.1981201171875
bank_marketing,XGBoost,0.9094327103837222,0.7256913660182787,0.7530720474711914,0.7927750511869193,0.7256913660182787,2.0990822315216064
bank_marketing,Random Forest,0.9069998894172288,0.6919259646809413,0.7285578988226161,0.7959505682948599,0.6919259646809413,3.749200105667114
bank_marketing,SVM,0.904898816764348,0.66121822225747,0.7028170736367457,0.8029396652965355,0.66121822225747,51.29523849487305
bank_marketing,Decision Tree,0.8745991374543846,0.7014571863832588,0.6994892223872391,0.6975824960917374,0.7014571863832588,1.4329438209533691
bank_marketing,Logistic Regression,0.901249585314608,0.6612017097274782,0.698774151570775,0.7815193016575464,0.6612017097274782,0.9829668998718262
