seed,dataset,condition,model,macro_f1,accuracy,balanced_accuracy
42,car_evaluation,missing_noise,Logistic Regression,0.4750687262315169,0.8492753623188406,0.4925176498143006
42,car_evaluation,missing_noise,Decision Tree,0.5592457227607395,0.7130434782608696,0.64472459358823
42,car_evaluation,missing_noise,Random Forest,0.6512267361379905,0.8405797101449275,0.6601610112375663
42,car_evaluation,missing_noise,SVM,0.6948295454545454,0.910144927536232,0.6770095932775357
42,car_evaluation,missing_noise,XGBoost,0.6519678567046988,0.8405797101449275,0.6742378434962167
42,car_evaluation,missing_noise_duplicates,Logistic Regression,0.4791143654114366,0.8579710144927536,0.4933604075350486
42,car_evaluation,missing_noise_duplicates,Decision Tree,0.565522910043783,0.7304347826086957,0.6509229406956679
42,car_evaluation,missing_noise_duplicates,Random Forest,0.655829412488276,0.8492753623188406,0.6540881367436391
42,car_evaluation,missing_noise_duplicates,SVM,0.7129027049034093,0.9159420289855073,0.70041262565186
42,car_evaluation,missing_noise_duplicates,XGBoost,0.6760922463273267,0.855072463768116,0.6998572599649154
42,maternal_health,missing_noise,Logistic Regression,0.5287676999055352,0.5714285714285714,0.5482173866916819
42,maternal_health,missing_noise,Decision Tree,0.6007759776699171,0.6305418719211823,0.630854705149896
42,maternal_health,missing_noise,Random Forest,0.603684760366788,0.6403940886699507,0.6414817048316218
42,maternal_health,missing_noise,SVM,0.5815242982291037,0.625615763546798,0.6148840533583485
42,maternal_health,missing_noise,XGBoost,0.5349053915117418,0.5911330049261084,0.5904193957261951
42,maternal_health,missing_noise_duplicates,Logistic Regression,0.5287676999055352,0.5714285714285714,0.5482173866916819
42,maternal_health,missing_noise_duplicates,Decision Tree,0.5780880903728823,0.6108374384236454,0.6126740037187798
42,maternal_health,missing_noise_duplicates,Random Forest,0.6412060301507537,0.6748768472906403,0.6728679833157445
42,maternal_health,missing_noise_duplicates,SVM,0.5815242982291037,0.625615763546798,0.6148840533583485
42,maternal_health,missing_noise_duplicates,XGBoost,0.540355287414111,0.6009852216748769,0.5986498484010921
42,maternal_health,missing_imbalance,Logistic Regression,0.4826806454928564,0.5763546798029556,0.5493441881501583
42,maternal_health,missing_imbalance,Decision Tree,0.5868513928120777,0.645320197044335,0.6412974409657659
42,maternal_health,missing_imbalance,Random Forest,0.5458472749380789,0.625615763546798,0.6116700448375407
42,maternal_health,missing_imbalance,SVM,0.4953191489361702,0.5763546798029556,0.5532349475964734
42,maternal_health,missing_imbalance,XGBoost,0.5445047437280447,0.6206896551724138,0.6066949204594313
42,maternal_health,noise_imbalance,Logistic Regression,0.4414576943893198,0.5467980295566502,0.5151515151515151
42,maternal_health,noise_imbalance,Decision Tree,0.5569955406911928,0.6009852216748769,0.5962533013942632
42,maternal_health,noise_imbalance,Random Forest,0.5436050077452229,0.6157635467980296,0.5995488327163285
42,maternal_health,noise_imbalance,SVM,0.4951504479435242,0.5714285714285714,0.5471743415358673
42,maternal_health,noise_imbalance,XGBoost,0.5275892474422098,0.6059113300492611,0.5934893434064247
42,maternal_health,missing_noise_imbalance,Logistic Regression,0.4377994676131322,0.5467980295566502,0.5151515151515151
42,maternal_health,missing_noise_imbalance,Decision Tree,0.5452441077441078,0.5812807881773399,0.576761534638815
42,maternal_health,missing_noise_imbalance,Random Forest,0.5213239696145174,0.6009852216748769,0.5893741170689761
42,maternal_health,missing_noise_imbalance,SVM,0.4880023640661938,0.5763546798029556,0.5554059109614665
42,maternal_health,missing_noise_imbalance,XGBoost,0.5228813577463944,0.6059113300492611,0.5934893434064247
42,maternal_health,missing_noise_outliers,Logistic Regression,0.5477403714688375,0.5862068965517241,0.5622828617853494
42,maternal_health,missing_noise_outliers,Decision Tree,0.5683870967741936,0.5960591133004927,0.6024992880714274
42,maternal_health,missing_noise_outliers,Random Forest,0.5797052620072857,0.6403940886699507,0.6371822146283174
42,maternal_health,missing_noise_outliers,SVM,0.5870307834216656,0.625615763546798,0.6127130899933554
42,maternal_health,missing_noise_outliers,XGBoost,0.5353559218434568,0.5960591133004927,0.5945346220636436
42,mobile_price,missing_noise,Logistic Regression,0.8158907277886636,0.8225,0.8225
42,mobile_price,missing_noise,Decision Tree,0.7468094430855106,0.7475,0.7474999999999999
42,mobile_price,missing_noise,Random Forest,0.8479396265380312,0.85,0.85
42,mobile_price,missing_noise,SVM,0.8162865309743236,0.8175,0.8174999999999999
42,mobile_price,missing_noise,XGBoost,0.8574595691935311,0.8575,0.8575
42,mobile_price,missing_noise_duplicates,Logistic Regression,0.8267510385013445,0.8325,0.8325
42,mobile_price,missing_noise_duplicates,Decision Tree,0.737418323602389,0.7375,0.7375
42,mobile_price,missing_noise_duplicates,Random Forest,0.8613377652966295,0.8625,0.8625
42,mobile_price,missing_noise_duplicates,SVM,0.801141133223999,0.8025,0.8025
42,mobile_price,missing_noise_duplicates,XGBoost,0.8653621943827036,0.865,0.865
42,mobile_price,missing_imbalance,Logistic Regression,0.7758577230506998,0.785,0.785
42,mobile_price,missing_imbalance,Decision Tree,0.7381344920514918,0.735,0.735
42,mobile_price,missing_imbalance,Random Forest,0.6295527946471342,0.655,0.655
42,mobile_price,missing_imbalance,SVM,0.563549111942545,0.6,0.6
42,mobile_price,missing_imbalance,XGBoost,0.7806200078346377,0.785,0.785
42,mobile_price,noise_imbalance,Logistic Regression,0.7230079963746687,0.7375,0.7374999999999999
42,mobile_price,noise_imbalance,Decision Tree,0.7026167428244918,0.705,0.7050000000000001
42,mobile_price,noise_imbalance,Random Forest,0.6316682785489286,0.6625,0.6625
42,mobile_price,noise_imbalance,SVM,0.5782559346617951,0.61,0.61
42,mobile_price,noise_imbalance,XGBoost,0.7478953745687374,0.76,0.76
42,mobile_price,missing_noise_imbalance,Logistic Regression,0.6758580290866852,0.705,0.7050000000000001
42,mobile_price,missing_noise_imbalance,Decision Tree,0.6847686949468432,0.6925,0.6925
42,mobile_price,missing_noise_imbalance,Random Forest,0.630441515410905,0.6625,0.6625
42,mobile_price,missing_noise_imbalance,SVM,0.5100936265618035,0.565,0.5650000000000001
42,mobile_price,missing_noise_imbalance,XGBoost,0.7386500788355733,0.75,0.75
42,mobile_price,missing_noise_outliers,Logistic Regression,0.7780184057003262,0.7875,0.7875
42,mobile_price,missing_noise_outliers,Decision Tree,0.715487939670822,0.715,0.715
42,mobile_price,missing_noise_outliers,Random Forest,0.8430998794522401,0.845,0.845
42,mobile_price,missing_noise_outliers,SVM,0.811029292980636,0.8125,0.8125000000000001
42,mobile_price,missing_noise_outliers,XGBoost,0.8638847995981896,0.8625,0.8624999999999999
42,bank_marketing,missing_noise,Logistic Regression,0.6914315728027796,0.9009178370009951,0.6528144098161368
42,bank_marketing,missing_noise,Decision Tree,0.6071121595048007,0.7832577684396771,0.6542449039018102
42,bank_marketing,missing_noise,Random Forest,0.7325650775828302,0.9068893066460244,0.6980129330396194
42,bank_marketing,missing_noise,SVM,0.6738674289776369,0.899037929890523,0.6353510185094216
42,bank_marketing,missing_noise,XGBoost,0.7504976462731102,0.9097644586973348,0.7205495772437214
42,bank_marketing,missing_noise_duplicates,Logistic Regression,0.690715404560696,0.9011390025434036,0.651709727478152
42,bank_marketing,missing_noise_duplicates,Decision Tree,0.6092890405447681,0.7821519407276346,0.6597683155917344
42,bank_marketing,missing_noise_duplicates,Random Forest,0.7275329775996577,0.9056728961627778,0.692814445326954
42,bank_marketing,missing_noise_duplicates,SVM,0.6754041364018002,0.8998120092889528,0.636199312747318
42,bank_marketing,missing_noise_duplicates,XGBoost,0.7512934117115273,0.9100962070109476,0.7211474018510605
123,car_evaluation,missing_noise,Logistic Regression,0.4459333222279926,0.8405797101449275,0.4621951015491685
123,car_evaluation,missing_noise,Decision Tree,0.5886153410651991,0.7246376811594203,0.7180176283047096
123,car_evaluation,missing_noise,Random Forest,0.7489410092395166,0.8753623188405797,0.7547661668475065
123,car_evaluation,missing_noise,SVM,0.6631086939333217,0.8985507246376812,0.625544312147183
123,car_evaluation,missing_noise,XGBoost,0.6938647756539931,0.8579710144927536,0.7076595653150677
123,car_evaluation,missing_noise_duplicates,Logistic Regression,0.5348147967459843,0.855072463768116,0.5264663566098973
123,car_evaluation,missing_noise_duplicates,Decision Tree,0.5990733633452966,0.7391304347826086,0.7231829175609079
123,car_evaluation,missing_noise_duplicates,Random Forest,0.7589033059963294,0.8782608695652174,0.7821398099508148
123,car_evaluation,missing_noise_duplicates,SVM,0.7575531914893617,0.9159420289855073,0.7426945064504873
123,car_evaluation,missing_noise_duplicates,XGBoost,0.6937310696348515,0.8608695652173913,0.7332676294996869
123,maternal_health,missing_noise,Logistic Regression,0.5209076269945835,0.5665024630541872,0.548218503442384
123,maternal_health,missing_noise,Decision Tree,0.5721522416361913,0.5911330049261084,0.5931822369633315
123,maternal_health,missing_noise,Random Forest,0.5230769230769231,0.5960591133004927,0.5889240665360068
123,maternal_health,missing_noise,SVM,0.5751519941936478,0.6206896551724138,0.606878067574585
123,maternal_health,missing_noise,XGBoost,0.4572166387493021,0.5172413793103449,0.5057976112702481
123,maternal_health,missing_noise_duplicates,Logistic Regression,0.5161821141419621,0.5665024630541872,0.544327743996069
123,maternal_health,missing_noise_duplicates,Decision Tree,0.5348881499722519,0.5714285714285714,0.5745928047752259
123,maternal_health,missing_noise_duplicates,Random Forest,0.5493984024718657,0.6009852216748769,0.5925881255897839
123,maternal_health,missing_noise_duplicates,SVM,0.5751519941936478,0.6206896551724138,0.606878067574585
123,maternal_health,missing_noise_duplicates,XGBoost,0.4549221750555892,0.5123152709359606,0.4977916254864845
123,maternal_health,missing_imbalance,Logistic Regression,0.4665620094191523,0.5615763546798029,0.5311623699683401
123,maternal_health,missing_imbalance,Decision Tree,0.5607059369437345,0.6157635467980296,0.6088245640484446
123,maternal_health,missing_imbalance,Random Forest,0.5487382987382987,0.6305418719211823,0.6196760306213042
123,maternal_health,missing_imbalance,SVM,0.4757273122014764,0.5763546798029556,0.5515151515151515
123,maternal_health,missing_imbalance,XGBoost,0.5211984819827956,0.6059113300492611,0.5934893434064247
123,maternal_health,noise_imbalance,Logistic Regression,0.4678469678469679,0.5615763546798029,0.5311623699683401
123,maternal_health,noise_imbalance,Decision Tree,0.4327505827505827,0.5024630541871922,0.4876157930884299
123,maternal_health,noise_imbalance,Random Forest,0.5251894649312153,0.5960591133004927,0.5791971679202194
123,maternal_health,noise_imbalance,SVM,0.4621664050235479,0.5615763546798029,0.5333333333333333
123,maternal_health,noise_imbalance,XGBoost,0.4954606638600108,0.5862068965517241,0.5694725028058362
123,maternal_health,missing_noise_imbalance,Logistic Regression,0.4665620094191523,0.5615763546798029,0.5311623699683401
123,maternal_health,missing_noise_imbalance,Decision Tree,0.5494875137387215,0.6108374384236454,0.6027639579878386
123,maternal_health,missing_noise_imbalance,Random Forest,0.5463244879936079,0.625615763546798,0.6155608042838556
123,maternal_health,missing_noise_imbalance,SVM,0.4731182795698925,0.5714285714285714,0.5454545454545454
123,maternal_health,missing_noise_imbalance,XGBoost,0.5129102923220571,0.5862068965517241,0.575083058333473
123,maternal_health,missing_noise_outliers,Logistic Regression,0.5362097396408526,0.5862068965517241,0.5644538251503426
123,maternal_health,missing_noise_outliers,Decision Tree,0.5016075073995877,0.5467980295566502,0.5447409417558672
123,maternal_health,missing_noise_outliers,Random Forest,0.5746910668024069,0.6354679802955665,0.6291762288445538
123,maternal_health,missing_noise_outliers,SVM,0.5723388111976812,0.6157635467980296,0.6027628412371364
123,maternal_health,missing_noise_outliers,XGBoost,0.4997668997668998,0.5615763546798029,0.5564523063693877
123,mobile_price,missing_noise,Logistic Regression,0.8218743241908312,0.8275,0.8274999999999999
123,mobile_price,missing_noise,Decision Tree,0.727641056422569,0.7275,0.7275
123,mobile_price,missing_noise,Random Forest,0.8261615972452766,0.8275,0.8275
123,mobile_price,missing_noise,SVM,0.8691044333946345,0.87,0.87
123,mobile_price,missing_noise,XGBoost,0.87574666318425,0.875,0.8750000000000001
123,mobile_price,missing_noise_duplicates,Logistic Regression,0.8175256482594837,0.8225,0.8225
123,mobile_price,missing_noise_duplicates,Decision Tree,0.7329052310579404,0.7325,0.7325000000000002
123,mobile_price,missing_noise_duplicates,Random Forest,0.8538125270638266,0.855,0.855
123,mobile_price,missing_noise_duplicates,SVM,0.8434410871995179,0.845,0.845
123,mobile_price,missing_noise_duplicates,XGBoost,0.8605152832209991,0.86,0.8600000000000001
123,mobile_price,missing_imbalance,Logistic Regression,0.7837773492675111,0.795,0.795
123,mobile_price,missing_imbalance,Decision Tree,0.7403003335722163,0.7425,0.7425
123,mobile_price,missing_imbalance,Random Forest,0.665901622743728,0.6875,0.6875
123,mobile_price,missing_imbalance,SVM,0.5467497303554588,0.595,0.595
123,mobile_price,missing_imbalance,XGBoost,0.7614905221768146,0.7675,0.7675
123,mobile_price,noise_imbalance,Logistic Regression,0.7342984447748809,0.76,0.76
123,mobile_price,noise_imbalance,Decision Tree,0.7142109809476338,0.7175,0.7175
123,mobile_price,noise_imbalance,Random Forest,0.646282165077233,0.675,0.675
123,mobile_price,noise_imbalance,SVM,0.5287151797571896,0.5825,0.5825
123,mobile_price,noise_imbalance,XGBoost,0.7595497364099905,0.7725,0.7725
123,mobile_price,missing_noise_imbalance,Logistic Regression,0.6560722784517408,0.695,0.6950000000000001
123,mobile_price,missing_noise_imbalance,Decision Tree,0.5865034190615586,0.59,0.59
123,mobile_price,missing_noise_imbalance,Random Forest,0.6146518026068042,0.65,0.6499999999999999
123,mobile_price,missing_noise_imbalance,SVM,0.4819407478655002,0.555,0.555
123,mobile_price,missing_noise_imbalance,XGBoost,0.7211749823008157,0.73,0.73
123,mobile_price,missing_noise_outliers,Logistic Regression,0.7896623945411161,0.7975,0.7975000000000001
123,mobile_price,missing_noise_outliers,Decision Tree,0.7446560384534096,0.745,0.7450000000000001
123,mobile_price,missing_noise_outliers,Random Forest,0.8487266017272797,0.85,0.8500000000000001
123,mobile_price,missing_noise_outliers,SVM,0.8562945588252858,0.8575,0.8575
123,mobile_price,missing_noise_outliers,XGBoost,0.873020042293809,0.8725,0.8724999999999999
123,bank_marketing,missing_noise,Logistic Regression,0.6890122400551458,0.9002543403737697,0.6507988158326162
123,bank_marketing,missing_noise,Decision Tree,0.6029424665840739,0.7786132920490988,0.6512050003965375
123,bank_marketing,missing_noise,Random Forest,0.7220511060036671,0.9031294924250802,0.6893243830291437
123,bank_marketing,missing_noise,SVM,0.6734526833093293,0.8977109366360722,0.6362394991554344
123,bank_marketing,missing_noise,XGBoost,0.7318016752155085,0.9025765785690588,0.7050002189833726
123,bank_marketing,missing_noise_duplicates,Logistic Regression,0.6898856327756313,0.900364923144974,0.6516813780090979
123,bank_marketing,missing_noise_duplicates,Decision Tree,0.6041709556944688,0.7838106822956983,0.6479984327892682
123,bank_marketing,missing_noise_duplicates,Random Forest,0.7287095905050422,0.9062258100187992,0.6935375047495718
123,bank_marketing,missing_noise_duplicates,SVM,0.6749696491956072,0.8969368572376424,0.6386709839929072
123,bank_marketing,missing_noise_duplicates,XGBoost,0.7414196681784188,0.9074422205020458,0.7106251916104511
2026,car_evaluation,missing_noise,Logistic Regression,0.5393302140217263,0.8579710144927536,0.5224957458809133
2026,car_evaluation,missing_noise,Decision Tree,0.5708914973126124,0.7536231884057971,0.6543301196411244
2026,car_evaluation,missing_noise,Random Forest,0.6632807026997898,0.8463768115942029,0.6735567064514434
2026,car_evaluation,missing_noise,SVM,0.6698743714632492,0.9130434782608696,0.6765701403859299
2026,car_evaluation,missing_noise,XGBoost,0.671674620794144,0.8434782608695652,0.6884649441467624
2026,car_evaluation,missing_noise_duplicates,Logistic Regression,0.5908567896538608,0.863768115942029,0.5595836579688255
2026,car_evaluation,missing_noise_duplicates,Decision Tree,0.5317155858667718,0.744927536231884,0.6025242699883848
2026,car_evaluation,missing_noise_duplicates,Random Forest,0.6398159581048932,0.8463768115942029,0.650846163405972
2026,car_evaluation,missing_noise_duplicates,SVM,0.7221274805102764,0.9159420289855073,0.7263098743361902
2026,car_evaluation,missing_noise_duplicates,XGBoost,0.6816658102718443,0.8434782608695652,0.7089190713592628
2026,maternal_health,missing_noise,Logistic Regression,0.5407119476268413,0.5960591133004927,0.5787460006365479
2026,maternal_health,missing_noise,Decision Tree,0.4689194066545882,0.5073891625615764,0.4986102037511656
2026,maternal_health,missing_noise,Random Forest,0.5772470325798337,0.625615763546798,0.6265563316972935
2026,maternal_health,missing_noise,SVM,0.5643306756474148,0.6108374384236454,0.5947568554533729
2026,maternal_health,missing_noise,XGBoost,0.5606630465667921,0.5960591133004927,0.5910525933743181
2026,maternal_health,missing_noise_duplicates,Logistic Regression,0.5805373704309874,0.625615763546798,0.6129386736351911
2026,maternal_health,missing_noise_duplicates,Decision Tree,0.5125195992452629,0.5270935960591133,0.5232613587505793
2026,maternal_health,missing_noise_duplicates,Random Forest,0.5429637900600647,0.5960591133004927,0.5923636586986504
2026,maternal_health,missing_noise_duplicates,SVM,0.5744812981486365,0.6206896551724138,0.606878067574585
2026,maternal_health,missing_noise_duplicates,XGBoost,0.5617586807913442,0.5960591133004927,0.5929979730974756
2026,maternal_health,missing_imbalance,Logistic Regression,0.4444444444444444,0.5517241379310345,0.5212121212121211
2026,maternal_health,missing_imbalance,Decision Tree,0.5651513842076455,0.5911330049261084,0.5908281264831846
2026,maternal_health,missing_imbalance,Random Forest,0.553512039436152,0.625615763546798,0.6172806003651775
2026,maternal_health,missing_imbalance,SVM,0.5043759512937595,0.5862068965517241,0.5653561597176854
2026,maternal_health,missing_imbalance,XGBoost,0.5576036866359447,0.6157635467980296,0.6090501476902804
2026,maternal_health,noise_imbalance,Logistic Regression,0.4392091648189209,0.541871921182266,0.5090909090909091
2026,maternal_health,noise_imbalance,Decision Tree,0.5430510049753011,0.541871921182266,0.5320825725469175
2026,maternal_health,noise_imbalance,Random Forest,0.4763719835519338,0.5320197044334976,0.5157467432757649
2026,maternal_health,noise_imbalance,SVM,0.50558001334061,0.5763546798029556,0.548893020866487
2026,maternal_health,noise_imbalance,XGBoost,0.463666787165752,0.5073891625615764,0.4841326476484022
2026,maternal_health,missing_noise_imbalance,Logistic Regression,0.4458850574712644,0.5467980295566502,0.5151515151515151
2026,maternal_health,missing_noise_imbalance,Decision Tree,0.5626562175319857,0.5960591133004927,0.5927723894556398
2026,maternal_health,missing_noise_imbalance,Random Forest,0.5610706925235269,0.6108374384236454,0.6105454768804686
2026,maternal_health,missing_noise_imbalance,SVM,0.5413356973995271,0.6059113300492611,0.5852566572301232
2026,maternal_health,missing_noise_imbalance,XGBoost,0.6131351367054041,0.6206896551724138,0.6195933910693446
2026,maternal_health,missing_noise_outliers,Logistic Regression,0.5538562091503269,0.5960591133004927,0.5782948333528765
2026,maternal_health,missing_noise_outliers,Decision Tree,0.5296504880698918,0.541871921182266,0.5373268338442468
2026,maternal_health,missing_noise_outliers,Random Forest,0.57490194296791,0.6206896551724138,0.61855034591353
2026,maternal_health,missing_noise_outliers,SVM,0.5629872384471261,0.6108374384236454,0.5947568554533729
2026,maternal_health,missing_noise_outliers,XGBoost,0.5257071561640089,0.5665024630541872,0.559890781781329
2026,mobile_price,missing_noise,Logistic Regression,0.8211206850393997,0.83,0.83
2026,mobile_price,missing_noise,Decision Tree,0.7265656327549332,0.7275,0.7275
2026,mobile_price,missing_noise,Random Forest,0.843195421945727,0.8475,0.8474999999999999
2026,mobile_price,missing_noise,SVM,0.8124515216498608,0.815,0.815
2026,mobile_price,missing_noise,XGBoost,0.8591748528258023,0.86,0.86
2026,mobile_price,missing_noise_duplicates,Logistic Regression,0.8099505988850251,0.82,0.8200000000000001
2026,mobile_price,missing_noise_duplicates,Decision Tree,0.7208791901328491,0.7225,0.7225
2026,mobile_price,missing_noise_duplicates,Random Forest,0.840943499706079,0.845,0.845
2026,mobile_price,missing_noise_duplicates,SVM,0.8121359762274077,0.815,0.815
2026,mobile_price,missing_noise_duplicates,XGBoost,0.8541442181218929,0.855,0.855
2026,mobile_price,missing_imbalance,Logistic Regression,0.7915737608247622,0.8,0.7999999999999999
2026,mobile_price,missing_imbalance,Decision Tree,0.7557582563672836,0.755,0.755
2026,mobile_price,missing_imbalance,Random Forest,0.631437485956263,0.66,0.6599999999999999
2026,mobile_price,missing_imbalance,SVM,0.5820280685891817,0.605,0.605
2026,mobile_price,missing_imbalance,XGBoost,0.7825998436721315,0.7875,0.7875
2026,mobile_price,noise_imbalance,Logistic Regression,0.6775300576616365,0.6925,0.6925
2026,mobile_price,noise_imbalance,Decision Tree,0.6548446520749216,0.655,0.655
2026,mobile_price,noise_imbalance,Random Forest,0.6486956709410325,0.6675,0.6675
2026,mobile_price,noise_imbalance,SVM,0.5616392638310446,0.5825,0.5825
2026,mobile_price,noise_imbalance,XGBoost,0.7801284576573982,0.7825,0.7825
2026,mobile_price,missing_noise_imbalance,Logistic Regression,0.6650409775409776,0.68,0.68
2026,mobile_price,missing_noise_imbalance,Decision Tree,0.6216480215226541,0.625,0.625
2026,mobile_price,missing_noise_imbalance,Random Forest,0.6194101555710516,0.6475,0.6475
2026,mobile_price,missing_noise_imbalance,SVM,0.5306116380510038,0.56,0.56
2026,mobile_price,missing_noise_imbalance,XGBoost,0.7391994564575209,0.7475,0.7475
2026,mobile_price,missing_noise_outliers,Logistic Regression,0.7965242248131198,0.8075,0.8075
2026,mobile_price,missing_noise_outliers,Decision Tree,0.7297508296917553,0.7325,0.7324999999999999
2026,mobile_price,missing_noise_outliers,Random Forest,0.8604226149128067,0.8625,0.8624999999999999
2026,mobile_price,missing_noise_outliers,SVM,0.8334791119121252,0.835,0.8350000000000001
2026,mobile_price,missing_noise_outliers,XGBoost,0.8538577679355253,0.855,0.855
2026,bank_marketing,missing_noise,Logistic Regression,0.6854319995433882,0.9002543403737697,0.6466990919884046
2026,bank_marketing,missing_noise,Decision Tree,0.6008728788388025,0.77916620590512,0.6465984188216801
2026,bank_marketing,missing_noise,Random Forest,0.7105226007569024,0.9010284197721996,0.6766554255202039
2026,bank_marketing,missing_noise,SVM,0.6704324639519925,0.8993696782041358,0.631439146888128
2026,bank_marketing,missing_noise,XGBoost,0.73232796159804,0.9042353201371226,0.7026597010225932
2026,bank_marketing,missing_noise_duplicates,Logistic Regression,0.6832732492310878,0.9000331748313612,0.6445239952510201
2026,bank_marketing,missing_noise_duplicates,Decision Tree,0.593751621312766,0.7700984186663717,0.6422837361640978
2026,bank_marketing,missing_noise_duplicates,Random Forest,0.7186428212390339,0.9033506579674888,0.6841199768469473
2026,bank_marketing,missing_noise_duplicates,SVM,0.6698709907128622,0.8992590954329316,0.6309665570960674
2026,bank_marketing,missing_noise_duplicates,XGBoost,0.7283968134290022,0.9037929890523057,0.6974895627789819
42,bank_marketing,missing_noise_outliers,Logistic Regression,0.6781830397437081,0.8993696782041358,0.6396385945765513
42,bank_marketing,missing_noise_outliers,Decision Tree,0.6005187357124886,0.7767333849386265,0.6485006149289843
42,bank_marketing,missing_noise_outliers,Random Forest,0.7162904189734824,0.9054517306203693,0.6775202322880922
42,bank_marketing,missing_noise_outliers,SVM,0.6566971309531151,0.8972686055512551,0.6195901341480303
42,bank_marketing,missing_noise_outliers,XGBoost,0.7398729469089642,0.9074422205020458,0.708165357303924
123,bank_marketing,missing_noise_outliers,Logistic Regression,0.6807204679142884,0.8998120092889528,0.6419389261292143
123,bank_marketing,missing_noise_outliers,Decision Tree,0.6030395062434264,0.7824836890412473,0.6472470238975963
123,bank_marketing,missing_noise_outliers,Random Forest,0.7135944616103427,0.9035718235098972,0.6768657087426448
123,bank_marketing,missing_noise_outliers,SVM,0.6540133200850371,0.8962733606104168,0.617796660326013
123,bank_marketing,missing_noise_outliers,XGBoost,0.7324141066769632,0.9047882339931439,0.7017428709075263
2026,bank_marketing,missing_noise_outliers,Logistic Regression,0.6743125630638849,0.8988167643481145,0.6360457284629852
2026,bank_marketing,missing_noise_outliers,Decision Tree,0.5996522135144334,0.7818201924140219,0.6415416784542851
2026,bank_marketing,missing_noise_outliers,Random Forest,0.7024472287812251,0.9000331748313612,0.6674824487786054
2026,bank_marketing,missing_noise_outliers,SVM,0.6505582937435836,0.8962733606104168,0.6145168812506436
2026,bank_marketing,missing_noise_outliers,XGBoost,0.7282812742877445,0.9042353201371226,0.6965101152562757
