seed,dataset,model,corruption,severity,macro_f1,accuracy,balanced_accuracy
42,census_income_kdd,Logistic Regression,missing,0.1,0.7395648378084387,0.9491041222904398,0.7020677728184209
42,census_income_kdd,Decision Tree,missing,0.1,0.6934310410921015,0.9221651422127553,0.7112797483537059
42,census_income_kdd,Random Forest,missing,0.1,0.6923149133271118,0.9498308482646285,0.6379608180934578
42,census_income_kdd,SVM,missing,0.1,0.652610567284551,0.9480265630873325,0.6026774397760136
42,census_income_kdd,XGBoost,missing,0.1,0.7528615027527314,0.9510587645658439,0.7159331846001072
42,census_income_kdd,Logistic Regression,label_noise,0.1,0.6627207772404479,0.9465229921062523,0.6145107812309886
42,census_income_kdd,Decision Tree,label_noise,0.1,0.5894809408518754,0.8488660568851021,0.6556107296049718
42,census_income_kdd,Random Forest,label_noise,0.1,0.659941526934857,0.9368249592782859,0.6291418915235572
42,census_income_kdd,SVM,label_noise,0.1,0.6210817844519861,0.9458714446811176,0.5796533197091177
42,census_income_kdd,XGBoost,label_noise,0.1,0.732595933006735,0.9507580503696279,0.6856000834924895
42,census_income_kdd,Logistic Regression,duplicates,0.1,0.7224365862369668,0.9498809672973312,0.674383472449356
42,census_income_kdd,Decision Tree,duplicates,0.1,0.6935296308389637,0.9247713319132941,0.7041829460979239
42,census_income_kdd,Random Forest,duplicates,0.1,0.7000104113318161,0.9507831098859792,0.6441258454186453
42,census_income_kdd,SVM,duplicates,0.1,0.6673716205557955,0.9491291818067912,0.6142028584351261
42,census_income_kdd,XGBoost,duplicates,0.1,0.7497955300822776,0.9527377521613832,0.7040047735397867
42,census_income_kdd,Logistic Regression,outliers,0.1,0.7115965736516001,0.9488535271269265,0.6632752896372328
42,census_income_kdd,Decision Tree,outliers,0.1,0.6996157879515779,0.9270768074176169,0.7082406394340328
42,census_income_kdd,Random Forest,outliers,0.1,0.6956279686737217,0.9503570981080065,0.6403157290673896
42,census_income_kdd,SVM,outliers,0.1,0.6542563424900023,0.9481769201854404,0.6038890714399878
42,census_income_kdd,XGBoost,outliers,0.1,0.7503898308942238,0.9519609071544919,0.7081165757841308
123,census_income_kdd,Logistic Regression,missing,0.1,0.7414957582141537,0.9485528129307105,0.7072427026187352
123,census_income_kdd,Decision Tree,missing,0.1,0.688920228787606,0.9209121663951886,0.7066516373855232
123,census_income_kdd,Random Forest,missing,0.1,0.6933098478963549,0.9504573361734119,0.6375404637950814
123,census_income_kdd,SVM,missing,0.1,0.641780499284379,0.9474501942112518,0.594261252030824
123,census_income_kdd,XGBoost,missing,0.1,0.7564911999006525,0.952411978448816,0.7162773904159997
123,census_income_kdd,Logistic Regression,label_noise,0.1,0.65270902126511,0.9458463851647663,0.6062297389681384
123,census_income_kdd,Decision Tree,label_noise,0.1,0.5966539142058723,0.8517479012655056,0.6665759708062882
123,census_income_kdd,Random Forest,label_noise,0.1,0.675817553036085,0.9406841247963914,0.6398737991858015
123,census_income_kdd,SVM,label_noise,0.1,0.6287435217802837,0.9463976945244956,0.5850255104430139
123,census_income_kdd,XGBoost,label_noise,0.1,0.7326290744640198,0.9505826337551685,0.6862608930528284
123,census_income_kdd,Logistic Regression,duplicates,0.1,0.7229251005084723,0.9498057887482771,0.6752862964973511
123,census_income_kdd,Decision Tree,duplicates,0.1,0.6927320823857316,0.9264252599924822,0.6982757359318673
123,census_income_kdd,Random Forest,duplicates,0.1,0.7021255608734605,0.9504072171407092,0.647508485748634
123,census_income_kdd,SVM,duplicates,0.1,0.664707382503678,0.9489537651923318,0.6120349682204986
123,census_income_kdd,XGBoost,duplicates,0.1,0.75120396505198,0.9528129307104373,0.7059306492667582
123,census_income_kdd,Logistic Regression,outliers,0.1,0.7111794155333399,0.9487532890615211,0.6630332751495767
123,census_income_kdd,Decision Tree,outliers,0.1,0.6976680105942361,0.9275278787119409,0.7035780150860536
123,census_income_kdd,Random Forest,outliers,0.1,0.6982827859634225,0.9505826337551685,0.6426989165183442
123,census_income_kdd,SVM,outliers,0.1,0.6523010416272429,0.948076682120035,0.6023269970573473
123,census_income_kdd,XGBoost,outliers,0.1,0.7486057079049774,0.9521613832853026,0.7044518450894922
2026,census_income_kdd,Logistic Regression,missing,0.1,0.7452467777621403,0.9495050745520611,0.7096361302439673
2026,census_income_kdd,Decision Tree,missing,0.1,0.687721409064862,0.922666332539782,0.6998549617971361
2026,census_income_kdd,Random Forest,missing,0.1,0.7042595871402569,0.9505325147224658,0.6496496587119325
2026,census_income_kdd,SVM,missing,0.1,0.6623938991916951,0.9483523367998997,0.6109600412645573
2026,census_income_kdd,XGBoost,missing,0.1,0.7587029939520595,0.9516852524746272,0.7232446096866395
2026,census_income_kdd,Logistic Regression,label_noise,0.1,0.6720856399523414,0.9457210875830097,0.6253981043095876
2026,census_income_kdd,Decision Tree,label_noise,0.1,0.5919494096890205,0.8474877834857787,0.6629849445483234
2026,census_income_kdd,Random Forest,label_noise,0.1,0.6765104239193267,0.9399323393058514,0.6423017401908302
2026,census_income_kdd,SVM,label_noise,0.1,0.6284615407032281,0.9465981706553064,0.5845666394933373
2026,census_income_kdd,XGBoost,label_noise,0.1,0.7254252602689337,0.9488785866432777,0.6817694867926786
2026,census_income_kdd,Logistic Regression,duplicates,0.1,0.7223043713084843,0.9496303721338178,0.6750042061327012
2026,census_income_kdd,Decision Tree,duplicates,0.1,0.6954633793546101,0.9252725222403207,0.7061473384761956
2026,census_income_kdd,Random Forest,duplicates,0.1,0.7012757445835877,0.9507580503696279,0.6456211266729628
2026,census_income_kdd,SVM,duplicates,0.1,0.6676260296178963,0.9492294198721964,0.6142562929377845
2026,census_income_kdd,XGBoost,duplicates,0.1,0.7496995834557797,0.9517604310236812,0.7078211267938164
2026,census_income_kdd,Logistic Regression,outliers,0.1,0.7107065768036055,0.9488535271269265,0.6621438097272463
2026,census_income_kdd,Decision Tree,outliers,0.1,0.6862166744287064,0.9231675228668087,0.695973374640477
2026,census_income_kdd,Random Forest,outliers,0.1,0.697426773659279,0.9502067410098985,0.642687117118373
2026,census_income_kdd,SVM,outliers,0.1,0.6541642114443345,0.9482270392181431,0.6037272087063192
2026,census_income_kdd,XGBoost,outliers,0.1,0.7512193280936543,0.952411978448816,0.7076027111061024
